-- Insert Executive GenAI Leadership course schedule data
-- Dates from January 3, 2026 to May 1, 2026
-- One class per week, every weekend
-- Each class is 2 days, 9 AM - 2 PM EST

-- First, delete any existing Executive GenAI Leadership schedules to prevent duplicates
DELETE FROM course_schedules 
WHERE course_slug = 'executive-genai-leadership' 
  AND start_date >= '2026-01-01';

INSERT INTO course_schedules (
  course_name,
  course_slug,
  course_type,
  start_date,
  end_date,
  start_time,
  end_time,
  timezone,
  time_slot,
  format,
  duration,
  instructor_name,
  instructor_image,
  price,
  original_price,
  currency,
  seats_available,
  total_seats,
  language,
  exam_included,
  status,
  is_weekend
) VALUES
-- January 03-04, 2026 (Saturday-Sunday) - Weekend 1
(
  'Executive GenAI Leadership™',
  'executive-genai-leadership',
  'Generative AI',
  '2026-01-03 09:00:00-05:00',
  '2026-01-04 14:00:00-05:00',
  '09:00:00',
  '14:00:00',
  'America/New_York',
  'morning',
  'live-virtual',
  '2 Days',
  'Joe Puoci',
  '/Joe.jpeg',
  950.00,
  1900.00,
  'USD',
  15,
  20,
  'English',
  true,
  'active',
  true
),
-- January 10-11, 2026 (Saturday-Sunday) - Weekend 2
(
  'Executive GenAI Leadership™',
  'executive-genai-leadership',
  'Generative AI',
  '2026-01-10 09:00:00-05:00',
  '2026-01-11 14:00:00-05:00',
  '09:00:00',
  '14:00:00',
  'America/New_York',
  'morning',
  'live-virtual',
  '2 Days',
  'Deadra Stevenson',
  '/Deadra.jpeg',
  950.00,
  1900.00,
  'USD',
  15,
  20,
  'English',
  true,
  'active',
  true
),
-- January 17-18, 2026 (Saturday-Sunday) - Weekend 3
(
  'Executive GenAI Leadership™',
  'executive-genai-leadership',
  'Generative AI',
  '2026-01-17 09:00:00-05:00',
  '2026-01-18 14:00:00-05:00',
  '09:00:00',
  '14:00:00',
  'America/New_York',
  'morning',
  'live-virtual',
  '2 Days',
  'Marcus Ball',
  '/marcus.jpeg',
  950.00,
  1900.00,
  'USD',
  15,
  20,
  'English',
  true,
  'active',
  true
),
-- January 24-25, 2026 (Saturday-Sunday) - Weekend 4
(
  'Executive GenAI Leadership™',
  'executive-genai-leadership',
  'Generative AI',
  '2026-01-24 09:00:00-05:00',
  '2026-01-25 14:00:00-05:00',
  '09:00:00',
  '14:00:00',
  'America/New_York',
  'morning',
  'live-virtual',
  '2 Days',
  'Joe Puoci',
  '/Joe.jpeg',
  950.00,
  1900.00,
  'USD',
  15,
  20,
  'English',
  true,
  'active',
  true
),
-- January 31-February 01, 2026 (Saturday-Sunday) - Weekend 5
(
  'Executive GenAI Leadership™',
  'executive-genai-leadership',
  'Generative AI',
  '2026-01-31 09:00:00-05:00',
  '2026-02-01 14:00:00-05:00',
  '09:00:00',
  '14:00:00',
  'America/New_York',
  'morning',
  'live-virtual',
  '2 Days',
  'Deadra Stevenson',
  '/Deadra.jpeg',
  950.00,
  1900.00,
  'USD',
  15,
  20,
  'English',
  true,
  'active',
  true
),
-- February 07-08, 2026 (Saturday-Sunday) - Weekend 6
(
  'Executive GenAI Leadership™',
  'executive-genai-leadership',
  'Generative AI',
  '2026-02-07 09:00:00-05:00',
  '2026-02-08 14:00:00-05:00',
  '09:00:00',
  '14:00:00',
  'America/New_York',
  'morning',
  'live-virtual',
  '2 Days',
  'Marcus Ball',
  '/marcus.jpeg',
  950.00,
  1900.00,
  'USD',
  15,
  20,
  'English',
  true,
  'active',
  true
),
-- February 14-15, 2026 (Saturday-Sunday) - Weekend 7
(
  'Executive GenAI Leadership™',
  'executive-genai-leadership',
  'Generative AI',
  '2026-02-14 09:00:00-05:00',
  '2026-02-15 14:00:00-05:00',
  '09:00:00',
  '14:00:00',
  'America/New_York',
  'morning',
  'live-virtual',
  '2 Days',
  'Joe Puoci',
  '/Joe.jpeg',
  950.00,
  1900.00,
  'USD',
  15,
  20,
  'English',
  true,
  'active',
  true
),
-- February 21-22, 2026 (Saturday-Sunday) - Weekend 8
(
  'Executive GenAI Leadership™',
  'executive-genai-leadership',
  'Generative AI',
  '2026-02-21 09:00:00-05:00',
  '2026-02-22 14:00:00-05:00',
  '09:00:00',
  '14:00:00',
  'America/New_York',
  'morning',
  'live-virtual',
  '2 Days',
  'Deadra Stevenson',
  '/Deadra.jpeg',
  950.00,
  1900.00,
  'USD',
  15,
  20,
  'English',
  true,
  'active',
  true
),
-- February 28-March 01, 2026 (Saturday-Sunday) - Weekend 9
(
  'Executive GenAI Leadership™',
  'executive-genai-leadership',
  'Generative AI',
  '2026-02-28 09:00:00-05:00',
  '2026-03-01 14:00:00-05:00',
  '09:00:00',
  '14:00:00',
  'America/New_York',
  'morning',
  'live-virtual',
  '2 Days',
  'Marcus Ball',
  '/marcus.jpeg',
  950.00,
  1900.00,
  'USD',
  15,
  20,
  'English',
  true,
  'active',
  true
),
-- March 07-08, 2026 (Saturday-Sunday) - Weekend 10
(
  'Executive GenAI Leadership™',
  'executive-genai-leadership',
  'Generative AI',
  '2026-03-07 09:00:00-05:00',
  '2026-03-08 14:00:00-05:00',
  '09:00:00',
  '14:00:00',
  'America/New_York',
  'morning',
  'live-virtual',
  '2 Days',
  'Joe Puoci',
  '/Joe.jpeg',
  950.00,
  1900.00,
  'USD',
  15,
  20,
  'English',
  true,
  'active',
  true
),
-- March 14-15, 2026 (Saturday-Sunday) - Weekend 11
(
  'Executive GenAI Leadership™',
  'executive-genai-leadership',
  'Generative AI',
  '2026-03-14 09:00:00-05:00',
  '2026-03-15 14:00:00-05:00',
  '09:00:00',
  '14:00:00',
  'America/New_York',
  'morning',
  'live-virtual',
  '2 Days',
  'Deadra Stevenson',
  '/Deadra.jpeg',
  950.00,
  1900.00,
  'USD',
  15,
  20,
  'English',
  true,
  'active',
  true
),
-- March 21-22, 2026 (Saturday-Sunday) - Weekend 12
(
  'Executive GenAI Leadership™',
  'executive-genai-leadership',
  'Generative AI',
  '2026-03-21 09:00:00-05:00',
  '2026-03-22 14:00:00-05:00',
  '09:00:00',
  '14:00:00',
  'America/New_York',
  'morning',
  'live-virtual',
  '2 Days',
  'Marcus Ball',
  '/marcus.jpeg',
  950.00,
  1900.00,
  'USD',
  15,
  20,
  'English',
  true,
  'active',
  true
),
-- March 28-29, 2026 (Saturday-Sunday) - Weekend 13
(
  'Executive GenAI Leadership™',
  'executive-genai-leadership',
  'Generative AI',
  '2026-03-28 09:00:00-05:00',
  '2026-03-29 14:00:00-05:00',
  '09:00:00',
  '14:00:00',
  'America/New_York',
  'morning',
  'live-virtual',
  '2 Days',
  'Joe Puoci',
  '/Joe.jpeg',
  950.00,
  1900.00,
  'USD',
  15,
  20,
  'English',
  true,
  'active',
  true
),
-- April 04-05, 2026 (Saturday-Sunday) - Weekend 14
(
  'Executive GenAI Leadership™',
  'executive-genai-leadership',
  'Generative AI',
  '2026-04-04 09:00:00-05:00',
  '2026-04-05 14:00:00-05:00',
  '09:00:00',
  '14:00:00',
  'America/New_York',
  'morning',
  'live-virtual',
  '2 Days',
  'Deadra Stevenson',
  '/Deadra.jpeg',
  950.00,
  1900.00,
  'USD',
  15,
  20,
  'English',
  true,
  'active',
  true
),
-- April 11-12, 2026 (Saturday-Sunday) - Weekend 15
(
  'Executive GenAI Leadership™',
  'executive-genai-leadership',
  'Generative AI',
  '2026-04-11 09:00:00-05:00',
  '2026-04-12 14:00:00-05:00',
  '09:00:00',
  '14:00:00',
  'America/New_York',
  'morning',
  'live-virtual',
  '2 Days',
  'Marcus Ball',
  '/marcus.jpeg',
  950.00,
  1900.00,
  'USD',
  15,
  20,
  'English',
  true,
  'active',
  true
),
-- April 18-19, 2026 (Saturday-Sunday) - Weekend 16
(
  'Executive GenAI Leadership™',
  'executive-genai-leadership',
  'Generative AI',
  '2026-04-18 09:00:00-05:00',
  '2026-04-19 14:00:00-05:00',
  '09:00:00',
  '14:00:00',
  'America/New_York',
  'morning',
  'live-virtual',
  '2 Days',
  'Joe Puoci',
  '/Joe.jpeg',
  950.00,
  1900.00,
  'USD',
  15,
  20,
  'English',
  true,
  'active',
  true
),
-- April 25-26, 2026 (Saturday-Sunday) - Weekend 17
(
  'Executive GenAI Leadership™',
  'executive-genai-leadership',
  'Generative AI',
  '2026-04-25 09:00:00-05:00',
  '2026-04-26 14:00:00-05:00',
  '09:00:00',
  '14:00:00',
  'America/New_York',
  'morning',
  'live-virtual',
  '2 Days',
  'Deadra Stevenson',
  '/Deadra.jpeg',
  950.00,
  1900.00,
  'USD',
  15,
  20,
  'English',
  true,
  'active',
  true
);

