-- Insert LPM (SAFe Lean Portfolio Management) course schedule data
-- Dates from January 3, 2026 to May 3, 2026
-- One class per week, mixing weekdays and weekends
-- Every weekend has a class

-- First, delete any existing LPM schedules to prevent duplicates
DELETE FROM course_schedules 
WHERE course_slug = 'lean-portfolio-management' 
  AND start_date >= '2026-01-01';

INSERT INTO course_schedules (
  course_name,
  course_slug,
  course_type,
  start_date,
  end_date,
  start_time,
  end_time,
  timezone,
  time_slot,
  format,
  duration,
  instructor_name,
  instructor_image,
  price,
  original_price,
  currency,
  seats_available,
  total_seats,
  language,
  exam_included,
  status,
  is_weekend
) VALUES
-- January 03-03, 2026 (Saturday-Sunday)
(
  'SAFe Lean Portfolio Management',
  'lean-portfolio-management',
  'SAFe LPM',
  '2026-01-03 09:00:00-05:00',
  '2026-01-04 17:00:00-05:00',
  '09:00:00',
  '17:00:00',
  'America/New_York',
  'morning',
  'live-virtual',
  '2 Days',
  'Marcus Ball',
  '/marcus.jpeg',
  1095.00,
  2190.00,
  'USD',
  15,
  20,
  'English',
  true,
  'active',
  true
),
-- January 05-05, 2026 (Monday-Tuesday)
(
  'SAFe Lean Portfolio Management',
  'lean-portfolio-management',
  'SAFe LPM',
  '2026-01-05 09:00:00-05:00',
  '2026-01-06 17:00:00-05:00',
  '09:00:00',
  '17:00:00',
  'America/New_York',
  'morning',
  'live-virtual',
  '2 Days',
  'Deadra Stevenson',
  '/Deadra.jpeg',
  1095.00,
  2190.00,
  'USD',
  15,
  20,
  'English',
  true,
  'active',
  false
),
-- January 08-09, 2026 (Thursday-Friday)
(
  'SAFe Lean Portfolio Management',
  'lean-portfolio-management',
  'SAFe LPM',
  '2026-01-08 09:00:00-05:00',
  '2026-01-09 17:00:00-05:00',
  '09:00:00',
  '17:00:00',
  'America/New_York',
  'morning',
  'live-virtual',
  '2 Days',
  'Joe Puoci',
  '/Joe.jpeg',
  1095.00,
  2190.00,
  'USD',
  15,
  20,
  'English',
  true,
  'active',
  false
),
-- January 10-10, 2026 (Saturday-Sunday)
(
  'SAFe Lean Portfolio Management',
  'lean-portfolio-management',
  'SAFe LPM',
  '2026-01-10 09:00:00-05:00',
  '2026-01-11 17:00:00-05:00',
  '09:00:00',
  '17:00:00',
  'America/New_York',
  'morning',
  'live-virtual',
  '2 Days',
  'Joe Puoci',
  '/Joe.jpeg',
  1095.00,
  2190.00,
  'USD',
  15,
  20,
  'English',
  true,
  'active',
  true
),
-- January 15-15, 2026 (Thursday-Friday)
(
  'SAFe Lean Portfolio Management',
  'lean-portfolio-management',
  'SAFe LPM',
  '2026-01-15 09:00:00-05:00',
  '2026-01-16 17:00:00-05:00',
  '09:00:00',
  '17:00:00',
  'America/New_York',
  'morning',
  'live-virtual',
  '2 Days',
  'Deadra Stevenson',
  '/Deadra.jpeg',
  1095.00,
  2190.00,
  'USD',
  15,
  20,
  'English',
  true,
  'active',
  false
),
-- January 17-17, 2026 (Saturday-Sunday)
(
  'SAFe Lean Portfolio Management',
  'lean-portfolio-management',
  'SAFe LPM',
  '2026-01-17 09:00:00-05:00',
  '2026-01-18 17:00:00-05:00',
  '09:00:00',
  '17:00:00',
  'America/New_York',
  'morning',
  'live-virtual',
  '2 Days',
  'Joe Puoci',
  '/Joe.jpeg',
  1095.00,
  2190.00,
  'USD',
  15,
  20,
  'English',
  true,
  'active',
  true
),
-- January 24-24, 2026 (Saturday-Sunday)
(
  'SAFe Lean Portfolio Management',
  'lean-portfolio-management',
  'SAFe LPM',
  '2026-01-24 09:00:00-05:00',
  '2026-01-25 17:00:00-05:00',
  '09:00:00',
  '17:00:00',
  'America/New_York',
  'morning',
  'live-virtual',
  '2 Days',
  'Deadra Stevenson',
  '/Deadra.jpeg',
  1095.00,
  2190.00,
  'USD',
  15,
  20,
  'English',
  true,
  'active',
  true
),
-- January 26-26, 2026 (Monday-Tuesday)
(
  'SAFe Lean Portfolio Management',
  'lean-portfolio-management',
  'SAFe LPM',
  '2026-01-26 09:00:00-05:00',
  '2026-01-27 17:00:00-05:00',
  '09:00:00',
  '17:00:00',
  'America/New_York',
  'morning',
  'live-virtual',
  '2 Days',
  'Joe Puoci',
  '/Joe.jpeg',
  1095.00,
  2190.00,
  'USD',
  15,
  20,
  'English',
  true,
  'active',
  false
),
-- January 31-31, 2026 (Saturday-Sunday)
(
  'SAFe Lean Portfolio Management',
  'lean-portfolio-management',
  'SAFe LPM',
  '2026-01-31 09:00:00-05:00',
  '2026-02-01 17:00:00-05:00',
  '09:00:00',
  '17:00:00',
  'America/New_York',
  'morning',
  'live-virtual',
  '2 Days',
  'Marcus Ball',
  '/marcus.jpeg',
  1095.00,
  2190.00,
  'USD',
  15,
  20,
  'English',
  true,
  'active',
  true
),
-- February 05-05, 2026 (Thursday-Friday)
(
  'SAFe Lean Portfolio Management',
  'lean-portfolio-management',
  'SAFe LPM',
  '2026-02-05 09:00:00-05:00',
  '2026-02-06 17:00:00-05:00',
  '09:00:00',
  '17:00:00',
  'America/New_York',
  'morning',
  'live-virtual',
  '2 Days',
  'Marcus Ball',
  '/marcus.jpeg',
  1095.00,
  2190.00,
  'USD',
  15,
  20,
  'English',
  true,
  'active',
  false
),
-- February 07-07, 2026 (Saturday-Sunday)
(
  'SAFe Lean Portfolio Management',
  'lean-portfolio-management',
  'SAFe LPM',
  '2026-02-07 09:00:00-05:00',
  '2026-02-08 17:00:00-05:00',
  '09:00:00',
  '17:00:00',
  'America/New_York',
  'morning',
  'live-virtual',
  '2 Days',
  'Deadra Stevenson',
  '/Deadra.jpeg',
  1095.00,
  2190.00,
  'USD',
  15,
  20,
  'English',
  true,
  'active',
  true
),
-- February 14-14, 2026 (Saturday-Sunday)
(
  'SAFe Lean Portfolio Management',
  'lean-portfolio-management',
  'SAFe LPM',
  '2026-02-14 09:00:00-05:00',
  '2026-02-15 17:00:00-05:00',
  '09:00:00',
  '17:00:00',
  'America/New_York',
  'morning',
  'live-virtual',
  '2 Days',
  'Joe Puoci',
  '/Joe.jpeg',
  1095.00,
  2190.00,
  'USD',
  15,
  20,
  'English',
  true,
  'active',
  true
),
-- February 16-16, 2026 (Monday-Tuesday)
(
  'SAFe Lean Portfolio Management',
  'lean-portfolio-management',
  'SAFe LPM',
  '2026-02-16 09:00:00-05:00',
  '2026-02-17 17:00:00-05:00',
  '09:00:00',
  '17:00:00',
  'America/New_York',
  'morning',
  'live-virtual',
  '2 Days',
  'Deadra Stevenson',
  '/Deadra.jpeg',
  1095.00,
  2190.00,
  'USD',
  15,
  20,
  'English',
  true,
  'active',
  false
),
-- February 21-21, 2026 (Saturday-Sunday)
(
  'SAFe Lean Portfolio Management',
  'lean-portfolio-management',
  'SAFe LPM',
  '2026-02-21 09:00:00-05:00',
  '2026-02-22 17:00:00-05:00',
  '09:00:00',
  '17:00:00',
  'America/New_York',
  'morning',
  'live-virtual',
  '2 Days',
  'Joe Puoci',
  '/Joe.jpeg',
  1095.00,
  2190.00,
  'USD',
  15,
  20,
  'English',
  true,
  'active',
  true
),
-- February 26-26, 2026 (Thursday-Friday)
(
  'SAFe Lean Portfolio Management',
  'lean-portfolio-management',
  'SAFe LPM',
  '2026-02-26 09:00:00-05:00',
  '2026-02-27 17:00:00-05:00',
  '09:00:00',
  '17:00:00',
  'America/New_York',
  'morning',
  'live-virtual',
  '2 Days',
  'Deadra Stevenson',
  '/Deadra.jpeg',
  1095.00,
  2190.00,
  'USD',
  15,
  20,
  'English',
  true,
  'active',
  false
),
-- February 28-28, 2026 (Saturday-Sunday)
(
  'SAFe Lean Portfolio Management',
  'lean-portfolio-management',
  'SAFe LPM',
  '2026-02-28 09:00:00-05:00',
  '2026-03-01 17:00:00-05:00',
  '09:00:00',
  '17:00:00',
  'America/New_York',
  'morning',
  'live-virtual',
  '2 Days',
  'Joe Puoci',
  '/Joe.jpeg',
  1095.00,
  2190.00,
  'USD',
  15,
  20,
  'English',
  true,
  'active',
  true
),
-- March 07-07, 2026 (Saturday-Sunday)
(
  'SAFe Lean Portfolio Management',
  'lean-portfolio-management',
  'SAFe LPM',
  '2026-03-07 09:00:00-05:00',
  '2026-03-08 17:00:00-05:00',
  '09:00:00',
  '17:00:00',
  'America/New_York',
  'morning',
  'live-virtual',
  '2 Days',
  'Marcus Ball',
  '/marcus.jpeg',
  1095.00,
  2190.00,
  'USD',
  15,
  20,
  'English',
  true,
  'active',
  true
),
-- March 14-14, 2026 (Saturday-Sunday)
(
  'SAFe Lean Portfolio Management',
  'lean-portfolio-management',
  'SAFe LPM',
  '2026-03-14 09:00:00-05:00',
  '2026-03-15 17:00:00-05:00',
  '09:00:00',
  '17:00:00',
  'America/New_York',
  'morning',
  'live-virtual',
  '2 Days',
  'Marcus Ball',
  '/marcus.jpeg',
  1095.00,
  2190.00,
  'USD',
  15,
  20,
  'English',
  true,
  'active',
  true
),
-- March 21-21, 2026 (Saturday-Sunday)
(
  'SAFe Lean Portfolio Management',
  'lean-portfolio-management',
  'SAFe LPM',
  '2026-03-21 09:00:00-05:00',
  '2026-03-22 17:00:00-05:00',
  '09:00:00',
  '17:00:00',
  'America/New_York',
  'morning',
  'live-virtual',
  '2 Days',
  'Deadra Stevenson',
  '/Deadra.jpeg',
  1095.00,
  2190.00,
  'USD',
  15,
  20,
  'English',
  true,
  'active',
  true
),
-- March 28-28, 2026 (Saturday-Sunday)
(
  'SAFe Lean Portfolio Management',
  'lean-portfolio-management',
  'SAFe LPM',
  '2026-03-28 09:00:00-05:00',
  '2026-03-29 17:00:00-05:00',
  '09:00:00',
  '17:00:00',
  'America/New_York',
  'morning',
  'live-virtual',
  '2 Days',
  'Joe Puoci',
  '/Joe.jpeg',
  1095.00,
  2190.00,
  'USD',
  15,
  20,
  'English',
  true,
  'active',
  true
),
-- April 04-04, 2026 (Saturday-Sunday)
(
  'SAFe Lean Portfolio Management',
  'lean-portfolio-management',
  'SAFe LPM',
  '2026-04-04 09:00:00-05:00',
  '2026-04-05 17:00:00-05:00',
  '09:00:00',
  '17:00:00',
  'America/New_York',
  'morning',
  'live-virtual',
  '2 Days',
  'Deadra Stevenson',
  '/Deadra.jpeg',
  1095.00,
  2190.00,
  'USD',
  15,
  20,
  'English',
  true,
  'active',
  true
),
-- April 11-11, 2026 (Saturday-Sunday)
(
  'SAFe Lean Portfolio Management',
  'lean-portfolio-management',
  'SAFe LPM',
  '2026-04-11 09:00:00-05:00',
  '2026-04-12 17:00:00-05:00',
  '09:00:00',
  '17:00:00',
  'America/New_York',
  'morning',
  'live-virtual',
  '2 Days',
  'Joe Puoci',
  '/Joe.jpeg',
  1095.00,
  2190.00,
  'USD',
  15,
  20,
  'English',
  true,
  'active',
  true
),
-- April 18-18, 2026 (Saturday-Sunday)
(
  'SAFe Lean Portfolio Management',
  'lean-portfolio-management',
  'SAFe LPM',
  '2026-04-18 09:00:00-05:00',
  '2026-04-19 17:00:00-05:00',
  '09:00:00',
  '17:00:00',
  'America/New_York',
  'morning',
  'live-virtual',
  '2 Days',
  'Deadra Stevenson',
  '/Deadra.jpeg',
  1095.00,
  2190.00,
  'USD',
  15,
  20,
  'English',
  true,
  'active',
  true
),
-- April 25-25, 2026 (Saturday-Sunday)
(
  'SAFe Lean Portfolio Management',
  'lean-portfolio-management',
  'SAFe LPM',
  '2026-04-25 09:00:00-05:00',
  '2026-04-26 17:00:00-05:00',
  '09:00:00',
  '17:00:00',
  'America/New_York',
  'morning',
  'live-virtual',
  '2 Days',
  'Joe Puoci',
  '/Joe.jpeg',
  1095.00,
  2190.00,
  'USD',
  15,
  20,
  'English',
  true,
  'active',
  true
),
-- May 02-02, 2026 (Saturday-Sunday)
(
  'SAFe Lean Portfolio Management',
  'lean-portfolio-management',
  'SAFe LPM',
  '2026-05-02 09:00:00-05:00',
  '2026-05-03 17:00:00-05:00',
  '09:00:00',
  '17:00:00',
  'America/New_York',
  'morning',
  'live-virtual',
  '2 Days',
  'Marcus Ball',
  '/marcus.jpeg',
  1095.00,
  2190.00,
  'USD',
  15,
  20,
  'English',
  true,
  'active',
  true
);



