-- Insert APM (SAFe Agile Product Management) course schedule data
-- Dates from January 3, 2026 to May 3, 2026
-- One class per week
-- Two weekends per month
-- Each class is 3 days

-- First, delete any existing APM schedules to prevent duplicates
DELETE FROM course_schedules 
WHERE course_slug = 'agile-product-management' 
  AND start_date >= '2026-01-01';

INSERT INTO course_schedules (
  course_name,
  course_slug,
  course_type,
  start_date,
  end_date,
  start_time,
  end_time,
  timezone,
  time_slot,
  format,
  duration,
  instructor_name,
  instructor_image,
  price,
  original_price,
  currency,
  seats_available,
  total_seats,
  language,
  exam_included,
  status,
  is_weekend
) VALUES
-- January 03-03, 2026 (Saturday-Monday)
(
  'SAFe Agile Product Management',
  'agile-product-management',
  'SAFe APM',
  '2026-01-03 09:00:00-05:00',
  '2026-01-05 17:00:00-05:00',
  '09:00:00',
  '17:00:00',
  'America/New_York',
  'morning',
  'live-virtual',
  '3 Days',
  'Marcus Ball',
  '/Marcus.jpeg',
  1150.00,
  2300.00,
  'USD',
  15,
  20,
  'English',
  true,
  'active',
  true
),
-- January 10-10, 2026 (Saturday-Monday)
(
  'SAFe Agile Product Management',
  'agile-product-management',
  'SAFe APM',
  '2026-01-10 09:00:00-05:00',
  '2026-01-12 17:00:00-05:00',
  '09:00:00',
  '17:00:00',
  'America/New_York',
  'morning',
  'live-virtual',
  '3 Days',
  'Deadra Stevenson',
  '/Deadra.jpeg',
  1150.00,
  2300.00,
  'USD',
  15,
  20,
  'English',
  true,
  'active',
  true
),
-- January 12-12, 2026 (Monday-Wednesday)
(
  'SAFe Agile Product Management',
  'agile-product-management',
  'SAFe APM',
  '2026-01-12 09:00:00-05:00',
  '2026-01-14 17:00:00-05:00',
  '09:00:00',
  '17:00:00',
  'America/New_York',
  'morning',
  'live-virtual',
  '3 Days',
  'Joe Puoci',
  '/Joe.jpeg',
  1150.00,
  2300.00,
  'USD',
  15,
  20,
  'English',
  true,
  'active',
  false
),
-- January 19-19, 2026 (Monday-Wednesday)
(
  'SAFe Agile Product Management',
  'agile-product-management',
  'SAFe APM',
  '2026-01-19 09:00:00-05:00',
  '2026-01-21 17:00:00-05:00',
  '09:00:00',
  '17:00:00',
  'America/New_York',
  'morning',
  'live-virtual',
  '3 Days',
  'Deadra Stevenson',
  '/Deadra.jpeg',
  1150.00,
  2300.00,
  'USD',
  15,
  20,
  'English',
  true,
  'active',
  false
),
-- January 26-26, 2026 (Monday-Wednesday)
(
  'SAFe Agile Product Management',
  'agile-product-management',
  'SAFe APM',
  '2026-01-26 09:00:00-05:00',
  '2026-01-28 17:00:00-05:00',
  '09:00:00',
  '17:00:00',
  'America/New_York',
  'morning',
  'live-virtual',
  '3 Days',
  'Joe Puoci',
  '/Joe.jpeg',
  1150.00,
  2300.00,
  'USD',
  15,
  20,
  'English',
  true,
  'active',
  false
),
-- February 07-07, 2026 (Saturday-Monday)
(
  'SAFe Agile Product Management',
  'agile-product-management',
  'SAFe APM',
  '2026-02-07 09:00:00-05:00',
  '2026-02-09 17:00:00-05:00',
  '09:00:00',
  '17:00:00',
  'America/New_York',
  'morning',
  'live-virtual',
  '3 Days',
  'Deadra Stevenson',
  '/Deadra.jpeg',
  1150.00,
  2300.00,
  'USD',
  15,
  20,
  'English',
  true,
  'active',
  true
),
-- February 14-14, 2026 (Saturday-Monday)
(
  'SAFe Agile Product Management',
  'agile-product-management',
  'SAFe APM',
  '2026-02-14 09:00:00-05:00',
  '2026-02-16 17:00:00-05:00',
  '09:00:00',
  '17:00:00',
  'America/New_York',
  'morning',
  'live-virtual',
  '3 Days',
  'Joe Puoci',
  '/Joe.jpeg',
  1150.00,
  2300.00,
  'USD',
  15,
  20,
  'English',
  true,
  'active',
  true
),
-- February 16-16, 2026 (Monday-Wednesday)
(
  'SAFe Agile Product Management',
  'agile-product-management',
  'SAFe APM',
  '2026-02-16 09:00:00-05:00',
  '2026-02-18 17:00:00-05:00',
  '09:00:00',
  '17:00:00',
  'America/New_York',
  'morning',
  'live-virtual',
  '3 Days',
  'Marcus Ball',
  '/Marcus.jpeg',
  1150.00,
  2300.00,
  'USD',
  15,
  20,
  'English',
  true,
  'active',
  false
),
-- February 23-23, 2026 (Monday-Wednesday)
(
  'SAFe Agile Product Management',
  'agile-product-management',
  'SAFe APM',
  '2026-02-23 09:00:00-05:00',
  '2026-02-25 17:00:00-05:00',
  '09:00:00',
  '17:00:00',
  'America/New_York',
  'morning',
  'live-virtual',
  '3 Days',
  'Marcus Ball',
  '/Marcus.jpeg',
  1150.00,
  2300.00,
  'USD',
  15,
  20,
  'English',
  true,
  'active',
  false
),
-- March 07-07, 2026 (Saturday-Monday)
(
  'SAFe Agile Product Management',
  'agile-product-management',
  'SAFe APM',
  '2026-03-07 09:00:00-05:00',
  '2026-03-09 17:00:00-05:00',
  '09:00:00',
  '17:00:00',
  'America/New_York',
  'morning',
  'live-virtual',
  '3 Days',
  'Deadra Stevenson',
  '/Deadra.jpeg',
  1150.00,
  2300.00,
  'USD',
  15,
  20,
  'English',
  true,
  'active',
  true
),
-- March 14-14, 2026 (Saturday-Monday)
(
  'SAFe Agile Product Management',
  'agile-product-management',
  'SAFe APM',
  '2026-03-14 09:00:00-05:00',
  '2026-03-16 17:00:00-05:00',
  '09:00:00',
  '17:00:00',
  'America/New_York',
  'morning',
  'live-virtual',
  '3 Days',
  'Joe Puoci',
  '/Joe.jpeg',
  1150.00,
  2300.00,
  'USD',
  15,
  20,
  'English',
  true,
  'active',
  true
),
-- March 16-16, 2026 (Monday-Wednesday)
(
  'SAFe Agile Product Management',
  'agile-product-management',
  'SAFe APM',
  '2026-03-16 09:00:00-05:00',
  '2026-03-18 17:00:00-05:00',
  '09:00:00',
  '17:00:00',
  'America/New_York',
  'morning',
  'live-virtual',
  '3 Days',
  'Deadra Stevenson',
  '/Deadra.jpeg',
  1150.00,
  2300.00,
  'USD',
  15,
  20,
  'English',
  true,
  'active',
  false
),
-- March 23-23, 2026 (Monday-Wednesday)
(
  'SAFe Agile Product Management',
  'agile-product-management',
  'SAFe APM',
  '2026-03-23 09:00:00-05:00',
  '2026-03-25 17:00:00-05:00',
  '09:00:00',
  '17:00:00',
  'America/New_York',
  'morning',
  'live-virtual',
  '3 Days',
  'Joe Puoci',
  '/Joe.jpeg',
  1150.00,
  2300.00,
  'USD',
  15,
  20,
  'English',
  true,
  'active',
  false
),
-- April 04-04, 2026 (Saturday-Monday)
(
  'SAFe Agile Product Management',
  'agile-product-management',
  'SAFe APM',
  '2026-04-04 09:00:00-05:00',
  '2026-04-06 17:00:00-05:00',
  '09:00:00',
  '17:00:00',
  'America/New_York',
  'morning',
  'live-virtual',
  '3 Days',
  'Deadra Stevenson',
  '/Deadra.jpeg',
  1150.00,
  2300.00,
  'USD',
  15,
  20,
  'English',
  true,
  'active',
  true
),
-- April 11-11, 2026 (Saturday-Monday)
(
  'SAFe Agile Product Management',
  'agile-product-management',
  'SAFe APM',
  '2026-04-11 09:00:00-05:00',
  '2026-04-13 17:00:00-05:00',
  '09:00:00',
  '17:00:00',
  'America/New_York',
  'morning',
  'live-virtual',
  '3 Days',
  'Joe Puoci',
  '/Joe.jpeg',
  1150.00,
  2300.00,
  'USD',
  15,
  20,
  'English',
  true,
  'active',
  true
),
-- April 13-13, 2026 (Monday-Wednesday)
(
  'SAFe Agile Product Management',
  'agile-product-management',
  'SAFe APM',
  '2026-04-13 09:00:00-05:00',
  '2026-04-15 17:00:00-05:00',
  '09:00:00',
  '17:00:00',
  'America/New_York',
  'morning',
  'live-virtual',
  '3 Days',
  'Marcus Ball',
  '/Marcus.jpeg',
  1150.00,
  2300.00,
  'USD',
  15,
  20,
  'English',
  true,
  'active',
  false
),
-- April 20-20, 2026 (Monday-Wednesday)
(
  'SAFe Agile Product Management',
  'agile-product-management',
  'SAFe APM',
  '2026-04-20 09:00:00-05:00',
  '2026-04-22 17:00:00-05:00',
  '09:00:00',
  '17:00:00',
  'America/New_York',
  'morning',
  'live-virtual',
  '3 Days',
  'Marcus Ball',
  '/Marcus.jpeg',
  1150.00,
  2300.00,
  'USD',
  15,
  20,
  'English',
  true,
  'active',
  false
),
-- April 27-27, 2026 (Monday-Wednesday)
(
  'SAFe Agile Product Management',
  'agile-product-management',
  'SAFe APM',
  '2026-04-27 09:00:00-05:00',
  '2026-04-29 17:00:00-05:00',
  '09:00:00',
  '17:00:00',
  'America/New_York',
  'morning',
  'live-virtual',
  '3 Days',
  'Deadra Stevenson',
  '/Deadra.jpeg',
  1150.00,
  2300.00,
  'USD',
  15,
  20,
  'English',
  true,
  'active',
  false
);

