-- Insert Leading SAFe course schedule data
-- Dates from January 3, 2026 to May 3, 2026
-- Classes every Mon-Tue, Thu-Fri, and weekends (Sat-Sun)
-- Each class is 2 days, starting on Mon, Thu, or Sat

-- First, delete any existing Leading SAFe schedules to prevent duplicates
DELETE FROM course_schedules 
WHERE course_slug = 'leading-safe' 
  AND start_date >= '2026-01-01';

INSERT INTO course_schedules (
  course_name,
  course_slug,
  course_type,
  start_date,
  end_date,
  start_time,
  end_time,
  timezone,
  time_slot,
  format,
  duration,
  instructor_name,
  instructor_image,
  price,
  original_price,
  currency,
  seats_available,
  total_seats,
  language,
  exam_included,
  status,
  is_weekend
) VALUES
-- January 03-03, 2026 (Saturday-Sunday)
(
  'Leading SAFe',
  'leading-safe',
  'SAFe Agilist',
  '2026-01-03 09:00:00-05:00',
  '2026-01-04 17:00:00-05:00',
  '09:00:00',
  '17:00:00',
  'America/New_York',
  'morning',
  'live-virtual',
  '2 Days',
  'Marcus Ball',
  '/marcus.jpeg',
  515.00,
  1030.00,
  'USD',
  15,
  20,
  'English',
  true,
  'active',
  true
),
-- January 05-05, 2026 (Monday-Tuesday)
(
  'Leading SAFe',
  'leading-safe',
  'SAFe Agilist',
  '2026-01-05 09:00:00-05:00',
  '2026-01-06 17:00:00-05:00',
  '09:00:00',
  '17:00:00',
  'America/New_York',
  'morning',
  'live-virtual',
  '2 Days',
  'Deadra Stevenson',
  '/Deadra.jpeg',
  515.00,
  1030.00,
  'USD',
  15,
  20,
  'English',
  true,
  'active',
  false
),
-- January 08-08, 2026 (Thursday-Friday)
(
  'Leading SAFe',
  'leading-safe',
  'SAFe Agilist',
  '2026-01-08 09:00:00-05:00',
  '2026-01-09 17:00:00-05:00',
  '09:00:00',
  '17:00:00',
  'America/New_York',
  'morning',
  'live-virtual',
  '2 Days',
  'Joe Puoci',
  '/Joe.jpeg',
  515.00,
  1030.00,
  'USD',
  15,
  20,
  'English',
  true,
  'active',
  false
),
-- January 10-10, 2026 (Saturday-Sunday)
(
  'Leading SAFe',
  'leading-safe',
  'SAFe Agilist',
  '2026-01-10 09:00:00-05:00',
  '2026-01-11 17:00:00-05:00',
  '09:00:00',
  '17:00:00',
  'America/New_York',
  'morning',
  'live-virtual',
  '2 Days',
  'Deadra Stevenson',
  '/Deadra.jpeg',
  515.00,
  1030.00,
  'USD',
  15,
  20,
  'English',
  true,
  'active',
  true
),
-- January 12-12, 2026 (Monday-Tuesday)
(
  'Leading SAFe',
  'leading-safe',
  'SAFe Agilist',
  '2026-01-12 09:00:00-05:00',
  '2026-01-13 17:00:00-05:00',
  '09:00:00',
  '17:00:00',
  'America/New_York',
  'morning',
  'live-virtual',
  '2 Days',
  'Joe Puoci',
  '/Joe.jpeg',
  515.00,
  1030.00,
  'USD',
  15,
  20,
  'English',
  true,
  'active',
  false
),
-- January 15-15, 2026 (Thursday-Friday)
(
  'Leading SAFe',
  'leading-safe',
  'SAFe Agilist',
  '2026-01-15 09:00:00-05:00',
  '2026-01-16 17:00:00-05:00',
  '09:00:00',
  '17:00:00',
  'America/New_York',
  'morning',
  'live-virtual',
  '2 Days',
  'Deadra Stevenson',
  '/Deadra.jpeg',
  515.00,
  1030.00,
  'USD',
  15,
  20,
  'English',
  true,
  'active',
  false
),
-- January 17-17, 2026 (Saturday-Sunday)
(
  'Leading SAFe',
  'leading-safe',
  'SAFe Agilist',
  '2026-01-17 09:00:00-05:00',
  '2026-01-18 17:00:00-05:00',
  '09:00:00',
  '17:00:00',
  'America/New_York',
  'morning',
  'live-virtual',
  '2 Days',
  'Joe Puoci',
  '/Joe.jpeg',
  515.00,
  1030.00,
  'USD',
  15,
  20,
  'English',
  true,
  'active',
  true
),
-- January 19-19, 2026 (Monday-Tuesday)
(
  'Leading SAFe',
  'leading-safe',
  'SAFe Agilist',
  '2026-01-19 09:00:00-05:00',
  '2026-01-20 17:00:00-05:00',
  '09:00:00',
  '17:00:00',
  'America/New_York',
  'morning',
  'live-virtual',
  '2 Days',
  'Marcus Ball',
  '/marcus.jpeg',
  515.00,
  1030.00,
  'USD',
  15,
  20,
  'English',
  true,
  'active',
  false
),
-- January 22-22, 2026 (Thursday-Friday)
(
  'Leading SAFe',
  'leading-safe',
  'SAFe Agilist',
  '2026-01-22 09:00:00-05:00',
  '2026-01-23 17:00:00-05:00',
  '09:00:00',
  '17:00:00',
  'America/New_York',
  'morning',
  'live-virtual',
  '2 Days',
  'Marcus Ball',
  '/marcus.jpeg',
  515.00,
  1030.00,
  'USD',
  15,
  20,
  'English',
  true,
  'active',
  false
),
-- January 24-24, 2026 (Saturday-Sunday)
(
  'Leading SAFe',
  'leading-safe',
  'SAFe Agilist',
  '2026-01-24 09:00:00-05:00',
  '2026-01-25 17:00:00-05:00',
  '09:00:00',
  '17:00:00',
  'America/New_York',
  'morning',
  'live-virtual',
  '2 Days',
  'Deadra Stevenson',
  '/Deadra.jpeg',
  515.00,
  1030.00,
  'USD',
  15,
  20,
  'English',
  true,
  'active',
  true
),
-- January 26-26, 2026 (Monday-Tuesday)
(
  'Leading SAFe',
  'leading-safe',
  'SAFe Agilist',
  '2026-01-26 09:00:00-05:00',
  '2026-01-27 17:00:00-05:00',
  '09:00:00',
  '17:00:00',
  'America/New_York',
  'morning',
  'live-virtual',
  '2 Days',
  'Joe Puoci',
  '/Joe.jpeg',
  515.00,
  1030.00,
  'USD',
  15,
  20,
  'English',
  true,
  'active',
  false
),
-- January 29-29, 2026 (Thursday-Friday)
(
  'Leading SAFe',
  'leading-safe',
  'SAFe Agilist',
  '2026-01-29 09:00:00-05:00',
  '2026-01-30 17:00:00-05:00',
  '09:00:00',
  '17:00:00',
  'America/New_York',
  'morning',
  'live-virtual',
  '2 Days',
  'Deadra Stevenson',
  '/Deadra.jpeg',
  515.00,
  1030.00,
  'USD',
  15,
  20,
  'English',
  true,
  'active',
  false
),
-- January 31-31, 2026 (Saturday-Sunday)
(
  'Leading SAFe',
  'leading-safe',
  'SAFe Agilist',
  '2026-01-31 09:00:00-05:00',
  '2026-02-01 17:00:00-05:00',
  '09:00:00',
  '17:00:00',
  'America/New_York',
  'morning',
  'live-virtual',
  '2 Days',
  'Joe Puoci',
  '/Joe.jpeg',
  515.00,
  1030.00,
  'USD',
  15,
  20,
  'English',
  true,
  'active',
  true
),
-- February 02-02, 2026 (Monday-Tuesday)
(
  'Leading SAFe',
  'leading-safe',
  'SAFe Agilist',
  '2026-02-02 09:00:00-05:00',
  '2026-02-03 17:00:00-05:00',
  '09:00:00',
  '17:00:00',
  'America/New_York',
  'morning',
  'live-virtual',
  '2 Days',
  'Deadra Stevenson',
  '/Deadra.jpeg',
  515.00,
  1030.00,
  'USD',
  15,
  20,
  'English',
  true,
  'active',
  false
),
-- February 05-05, 2026 (Thursday-Friday)
(
  'Leading SAFe',
  'leading-safe',
  'SAFe Agilist',
  '2026-02-05 09:00:00-05:00',
  '2026-02-06 17:00:00-05:00',
  '09:00:00',
  '17:00:00',
  'America/New_York',
  'morning',
  'live-virtual',
  '2 Days',
  'Joe Puoci',
  '/Joe.jpeg',
  515.00,
  1030.00,
  'USD',
  15,
  20,
  'English',
  true,
  'active',
  false
),
-- February 07-07, 2026 (Saturday-Sunday)
(
  'Leading SAFe',
  'leading-safe',
  'SAFe Agilist',
  '2026-02-07 09:00:00-05:00',
  '2026-02-08 17:00:00-05:00',
  '09:00:00',
  '17:00:00',
  'America/New_York',
  'morning',
  'live-virtual',
  '2 Days',
  'Marcus Ball',
  '/marcus.jpeg',
  515.00,
  1030.00,
  'USD',
  15,
  20,
  'English',
  true,
  'active',
  true
),
-- February 09-09, 2026 (Monday-Tuesday)
(
  'Leading SAFe',
  'leading-safe',
  'SAFe Agilist',
  '2026-02-09 09:00:00-05:00',
  '2026-02-10 17:00:00-05:00',
  '09:00:00',
  '17:00:00',
  'America/New_York',
  'morning',
  'live-virtual',
  '2 Days',
  'Marcus Ball',
  '/marcus.jpeg',
  515.00,
  1030.00,
  'USD',
  15,
  20,
  'English',
  true,
  'active',
  false
),
-- February 12-12, 2026 (Thursday-Friday)
(
  'Leading SAFe',
  'leading-safe',
  'SAFe Agilist',
  '2026-02-12 09:00:00-05:00',
  '2026-02-13 17:00:00-05:00',
  '09:00:00',
  '17:00:00',
  'America/New_York',
  'morning',
  'live-virtual',
  '2 Days',
  'Deadra Stevenson',
  '/Deadra.jpeg',
  515.00,
  1030.00,
  'USD',
  15,
  20,
  'English',
  true,
  'active',
  false
),
-- February 14-14, 2026 (Saturday-Sunday)
(
  'Leading SAFe',
  'leading-safe',
  'SAFe Agilist',
  '2026-02-14 09:00:00-05:00',
  '2026-02-15 17:00:00-05:00',
  '09:00:00',
  '17:00:00',
  'America/New_York',
  'morning',
  'live-virtual',
  '2 Days',
  'Joe Puoci',
  '/Joe.jpeg',
  515.00,
  1030.00,
  'USD',
  15,
  20,
  'English',
  true,
  'active',
  true
),
-- February 16-16, 2026 (Monday-Tuesday)
(
  'Leading SAFe',
  'leading-safe',
  'SAFe Agilist',
  '2026-02-16 09:00:00-05:00',
  '2026-02-17 17:00:00-05:00',
  '09:00:00',
  '17:00:00',
  'America/New_York',
  'morning',
  'live-virtual',
  '2 Days',
  'Deadra Stevenson',
  '/Deadra.jpeg',
  515.00,
  1030.00,
  'USD',
  15,
  20,
  'English',
  true,
  'active',
  false
),
-- February 19-19, 2026 (Thursday-Friday)
(
  'Leading SAFe',
  'leading-safe',
  'SAFe Agilist',
  '2026-02-19 09:00:00-05:00',
  '2026-02-20 17:00:00-05:00',
  '09:00:00',
  '17:00:00',
  'America/New_York',
  'morning',
  'live-virtual',
  '2 Days',
  'Joe Puoci',
  '/Joe.jpeg',
  515.00,
  1030.00,
  'USD',
  15,
  20,
  'English',
  true,
  'active',
  false
),
-- February 21-21, 2026 (Saturday-Sunday)
(
  'Leading SAFe',
  'leading-safe',
  'SAFe Agilist',
  '2026-02-21 09:00:00-05:00',
  '2026-02-22 17:00:00-05:00',
  '09:00:00',
  '17:00:00',
  'America/New_York',
  'morning',
  'live-virtual',
  '2 Days',
  'Deadra Stevenson',
  '/Deadra.jpeg',
  515.00,
  1030.00,
  'USD',
  15,
  20,
  'English',
  true,
  'active',
  true
),
-- February 23-23, 2026 (Monday-Tuesday)
(
  'Leading SAFe',
  'leading-safe',
  'SAFe Agilist',
  '2026-02-23 09:00:00-05:00',
  '2026-02-24 17:00:00-05:00',
  '09:00:00',
  '17:00:00',
  'America/New_York',
  'morning',
  'live-virtual',
  '2 Days',
  'Joe Puoci',
  '/Joe.jpeg',
  515.00,
  1030.00,
  'USD',
  15,
  20,
  'English',
  true,
  'active',
  false
),
-- February 26-26, 2026 (Thursday-Friday)
(
  'Leading SAFe',
  'leading-safe',
  'SAFe Agilist',
  '2026-02-26 09:00:00-05:00',
  '2026-02-27 17:00:00-05:00',
  '09:00:00',
  '17:00:00',
  'America/New_York',
  'morning',
  'live-virtual',
  '2 Days',
  'Marcus Ball',
  '/marcus.jpeg',
  515.00,
  1030.00,
  'USD',
  15,
  20,
  'English',
  true,
  'active',
  false
),
-- February 28-28, 2026 (Saturday-Sunday)
(
  'Leading SAFe',
  'leading-safe',
  'SAFe Agilist',
  '2026-02-28 09:00:00-05:00',
  '2026-03-01 17:00:00-05:00',
  '09:00:00',
  '17:00:00',
  'America/New_York',
  'morning',
  'live-virtual',
  '2 Days',
  'Marcus Ball',
  '/marcus.jpeg',
  515.00,
  1030.00,
  'USD',
  15,
  20,
  'English',
  true,
  'active',
  true
),
-- March 02-02, 2026 (Monday-Tuesday)
(
  'Leading SAFe',
  'leading-safe',
  'SAFe Agilist',
  '2026-03-02 09:00:00-05:00',
  '2026-03-03 17:00:00-05:00',
  '09:00:00',
  '17:00:00',
  'America/New_York',
  'morning',
  'live-virtual',
  '2 Days',
  'Deadra Stevenson',
  '/Deadra.jpeg',
  515.00,
  1030.00,
  'USD',
  15,
  20,
  'English',
  true,
  'active',
  false
),
-- March 05-05, 2026 (Thursday-Friday)
(
  'Leading SAFe',
  'leading-safe',
  'SAFe Agilist',
  '2026-03-05 09:00:00-05:00',
  '2026-03-06 17:00:00-05:00',
  '09:00:00',
  '17:00:00',
  'America/New_York',
  'morning',
  'live-virtual',
  '2 Days',
  'Joe Puoci',
  '/Joe.jpeg',
  515.00,
  1030.00,
  'USD',
  15,
  20,
  'English',
  true,
  'active',
  false
),
-- March 07-07, 2026 (Saturday-Sunday)
(
  'Leading SAFe',
  'leading-safe',
  'SAFe Agilist',
  '2026-03-07 09:00:00-05:00',
  '2026-03-08 17:00:00-05:00',
  '09:00:00',
  '17:00:00',
  'America/New_York',
  'morning',
  'live-virtual',
  '2 Days',
  'Deadra Stevenson',
  '/Deadra.jpeg',
  515.00,
  1030.00,
  'USD',
  15,
  20,
  'English',
  true,
  'active',
  true
),
-- March 09-09, 2026 (Monday-Tuesday)
(
  'Leading SAFe',
  'leading-safe',
  'SAFe Agilist',
  '2026-03-09 09:00:00-05:00',
  '2026-03-10 17:00:00-05:00',
  '09:00:00',
  '17:00:00',
  'America/New_York',
  'morning',
  'live-virtual',
  '2 Days',
  'Joe Puoci',
  '/Joe.jpeg',
  515.00,
  1030.00,
  'USD',
  15,
  20,
  'English',
  true,
  'active',
  false
),
-- March 12-12, 2026 (Thursday-Friday)
(
  'Leading SAFe',
  'leading-safe',
  'SAFe Agilist',
  '2026-03-12 09:00:00-05:00',
  '2026-03-13 17:00:00-05:00',
  '09:00:00',
  '17:00:00',
  'America/New_York',
  'morning',
  'live-virtual',
  '2 Days',
  'Deadra Stevenson',
  '/Deadra.jpeg',
  515.00,
  1030.00,
  'USD',
  15,
  20,
  'English',
  true,
  'active',
  false
),
-- March 14-14, 2026 (Saturday-Sunday)
(
  'Leading SAFe',
  'leading-safe',
  'SAFe Agilist',
  '2026-03-14 09:00:00-05:00',
  '2026-03-15 17:00:00-05:00',
  '09:00:00',
  '17:00:00',
  'America/New_York',
  'morning',
  'live-virtual',
  '2 Days',
  'Joe Puoci',
  '/Joe.jpeg',
  515.00,
  1030.00,
  'USD',
  15,
  20,
  'English',
  true,
  'active',
  true
),
-- March 16-16, 2026 (Monday-Tuesday)
(
  'Leading SAFe',
  'leading-safe',
  'SAFe Agilist',
  '2026-03-16 09:00:00-05:00',
  '2026-03-17 17:00:00-05:00',
  '09:00:00',
  '17:00:00',
  'America/New_York',
  'morning',
  'live-virtual',
  '2 Days',
  'Marcus Ball',
  '/marcus.jpeg',
  515.00,
  1030.00,
  'USD',
  15,
  20,
  'English',
  true,
  'active',
  false
),
-- March 19-19, 2026 (Thursday-Friday)
(
  'Leading SAFe',
  'leading-safe',
  'SAFe Agilist',
  '2026-03-19 09:00:00-05:00',
  '2026-03-20 17:00:00-05:00',
  '09:00:00',
  '17:00:00',
  'America/New_York',
  'morning',
  'live-virtual',
  '2 Days',
  'Marcus Ball',
  '/marcus.jpeg',
  515.00,
  1030.00,
  'USD',
  15,
  20,
  'English',
  true,
  'active',
  false
),
-- March 21-21, 2026 (Saturday-Sunday)
(
  'Leading SAFe',
  'leading-safe',
  'SAFe Agilist',
  '2026-03-21 09:00:00-05:00',
  '2026-03-22 17:00:00-05:00',
  '09:00:00',
  '17:00:00',
  'America/New_York',
  'morning',
  'live-virtual',
  '2 Days',
  'Deadra Stevenson',
  '/Deadra.jpeg',
  515.00,
  1030.00,
  'USD',
  15,
  20,
  'English',
  true,
  'active',
  true
),
-- March 23-23, 2026 (Monday-Tuesday)
(
  'Leading SAFe',
  'leading-safe',
  'SAFe Agilist',
  '2026-03-23 09:00:00-05:00',
  '2026-03-24 17:00:00-05:00',
  '09:00:00',
  '17:00:00',
  'America/New_York',
  'morning',
  'live-virtual',
  '2 Days',
  'Joe Puoci',
  '/Joe.jpeg',
  515.00,
  1030.00,
  'USD',
  15,
  20,
  'English',
  true,
  'active',
  false
),
-- March 26-26, 2026 (Thursday-Friday)
(
  'Leading SAFe',
  'leading-safe',
  'SAFe Agilist',
  '2026-03-26 09:00:00-05:00',
  '2026-03-27 17:00:00-05:00',
  '09:00:00',
  '17:00:00',
  'America/New_York',
  'morning',
  'live-virtual',
  '2 Days',
  'Deadra Stevenson',
  '/Deadra.jpeg',
  515.00,
  1030.00,
  'USD',
  15,
  20,
  'English',
  true,
  'active',
  false
),
-- March 28-28, 2026 (Saturday-Sunday)
(
  'Leading SAFe',
  'leading-safe',
  'SAFe Agilist',
  '2026-03-28 09:00:00-05:00',
  '2026-03-29 17:00:00-05:00',
  '09:00:00',
  '17:00:00',
  'America/New_York',
  'morning',
  'live-virtual',
  '2 Days',
  'Joe Puoci',
  '/Joe.jpeg',
  515.00,
  1030.00,
  'USD',
  15,
  20,
  'English',
  true,
  'active',
  true
),
-- March 30-30, 2026 (Monday-Tuesday)
(
  'Leading SAFe',
  'leading-safe',
  'SAFe Agilist',
  '2026-03-30 09:00:00-05:00',
  '2026-03-31 17:00:00-05:00',
  '09:00:00',
  '17:00:00',
  'America/New_York',
  'morning',
  'live-virtual',
  '2 Days',
  'Deadra Stevenson',
  '/Deadra.jpeg',
  515.00,
  1030.00,
  'USD',
  15,
  20,
  'English',
  true,
  'active',
  false
),
-- April 02-02, 2026 (Thursday-Friday)
(
  'Leading SAFe',
  'leading-safe',
  'SAFe Agilist',
  '2026-04-02 09:00:00-05:00',
  '2026-04-03 17:00:00-05:00',
  '09:00:00',
  '17:00:00',
  'America/New_York',
  'morning',
  'live-virtual',
  '2 Days',
  'Joe Puoci',
  '/Joe.jpeg',
  515.00,
  1030.00,
  'USD',
  15,
  20,
  'English',
  true,
  'active',
  false
),
-- April 04-04, 2026 (Saturday-Sunday)
(
  'Leading SAFe',
  'leading-safe',
  'SAFe Agilist',
  '2026-04-04 09:00:00-05:00',
  '2026-04-05 17:00:00-05:00',
  '09:00:00',
  '17:00:00',
  'America/New_York',
  'morning',
  'live-virtual',
  '2 Days',
  'Marcus Ball',
  '/marcus.jpeg',
  515.00,
  1030.00,
  'USD',
  15,
  20,
  'English',
  true,
  'active',
  true
),
-- April 06-06, 2026 (Monday-Tuesday)
(
  'Leading SAFe',
  'leading-safe',
  'SAFe Agilist',
  '2026-04-06 09:00:00-05:00',
  '2026-04-07 17:00:00-05:00',
  '09:00:00',
  '17:00:00',
  'America/New_York',
  'morning',
  'live-virtual',
  '2 Days',
  'Marcus Ball',
  '/marcus.jpeg',
  515.00,
  1030.00,
  'USD',
  15,
  20,
  'English',
  true,
  'active',
  false
),
-- April 09-09, 2026 (Thursday-Friday)
(
  'Leading SAFe',
  'leading-safe',
  'SAFe Agilist',
  '2026-04-09 09:00:00-05:00',
  '2026-04-10 17:00:00-05:00',
  '09:00:00',
  '17:00:00',
  'America/New_York',
  'morning',
  'live-virtual',
  '2 Days',
  'Deadra Stevenson',
  '/Deadra.jpeg',
  515.00,
  1030.00,
  'USD',
  15,
  20,
  'English',
  true,
  'active',
  false
),
-- April 11-11, 2026 (Saturday-Sunday)
(
  'Leading SAFe',
  'leading-safe',
  'SAFe Agilist',
  '2026-04-11 09:00:00-05:00',
  '2026-04-12 17:00:00-05:00',
  '09:00:00',
  '17:00:00',
  'America/New_York',
  'morning',
  'live-virtual',
  '2 Days',
  'Joe Puoci',
  '/Joe.jpeg',
  515.00,
  1030.00,
  'USD',
  15,
  20,
  'English',
  true,
  'active',
  true
),
-- April 13-13, 2026 (Monday-Tuesday)
(
  'Leading SAFe',
  'leading-safe',
  'SAFe Agilist',
  '2026-04-13 09:00:00-05:00',
  '2026-04-14 17:00:00-05:00',
  '09:00:00',
  '17:00:00',
  'America/New_York',
  'morning',
  'live-virtual',
  '2 Days',
  'Deadra Stevenson',
  '/Deadra.jpeg',
  515.00,
  1030.00,
  'USD',
  15,
  20,
  'English',
  true,
  'active',
  false
),
-- April 16-16, 2026 (Thursday-Friday)
(
  'Leading SAFe',
  'leading-safe',
  'SAFe Agilist',
  '2026-04-16 09:00:00-05:00',
  '2026-04-17 17:00:00-05:00',
  '09:00:00',
  '17:00:00',
  'America/New_York',
  'morning',
  'live-virtual',
  '2 Days',
  'Joe Puoci',
  '/Joe.jpeg',
  515.00,
  1030.00,
  'USD',
  15,
  20,
  'English',
  true,
  'active',
  false
),
-- April 18-18, 2026 (Saturday-Sunday)
(
  'Leading SAFe',
  'leading-safe',
  'SAFe Agilist',
  '2026-04-18 09:00:00-05:00',
  '2026-04-19 17:00:00-05:00',
  '09:00:00',
  '17:00:00',
  'America/New_York',
  'morning',
  'live-virtual',
  '2 Days',
  'Deadra Stevenson',
  '/Deadra.jpeg',
  515.00,
  1030.00,
  'USD',
  15,
  20,
  'English',
  true,
  'active',
  true
),
-- April 20-20, 2026 (Monday-Tuesday)
(
  'Leading SAFe',
  'leading-safe',
  'SAFe Agilist',
  '2026-04-20 09:00:00-05:00',
  '2026-04-21 17:00:00-05:00',
  '09:00:00',
  '17:00:00',
  'America/New_York',
  'morning',
  'live-virtual',
  '2 Days',
  'Joe Puoci',
  '/Joe.jpeg',
  515.00,
  1030.00,
  'USD',
  15,
  20,
  'English',
  true,
  'active',
  false
),
-- April 23-23, 2026 (Thursday-Friday)
(
  'Leading SAFe',
  'leading-safe',
  'SAFe Agilist',
  '2026-04-23 09:00:00-05:00',
  '2026-04-24 17:00:00-05:00',
  '09:00:00',
  '17:00:00',
  'America/New_York',
  'morning',
  'live-virtual',
  '2 Days',
  'Marcus Ball',
  '/marcus.jpeg',
  515.00,
  1030.00,
  'USD',
  15,
  20,
  'English',
  true,
  'active',
  false
),
-- April 25-25, 2026 (Saturday-Sunday)
(
  'Leading SAFe',
  'leading-safe',
  'SAFe Agilist',
  '2026-04-25 09:00:00-05:00',
  '2026-04-26 17:00:00-05:00',
  '09:00:00',
  '17:00:00',
  'America/New_York',
  'morning',
  'live-virtual',
  '2 Days',
  'Marcus Ball',
  '/marcus.jpeg',
  515.00,
  1030.00,
  'USD',
  15,
  20,
  'English',
  true,
  'active',
  true
),
-- April 27-27, 2026 (Monday-Tuesday)
(
  'Leading SAFe',
  'leading-safe',
  'SAFe Agilist',
  '2026-04-27 09:00:00-05:00',
  '2026-04-28 17:00:00-05:00',
  '09:00:00',
  '17:00:00',
  'America/New_York',
  'morning',
  'live-virtual',
  '2 Days',
  'Deadra Stevenson',
  '/Deadra.jpeg',
  515.00,
  1030.00,
  'USD',
  15,
  20,
  'English',
  true,
  'active',
  false
),
-- April 30-30, 2026 (Thursday-Friday)
(
  'Leading SAFe',
  'leading-safe',
  'SAFe Agilist',
  '2026-04-30 09:00:00-05:00',
  '2026-05-01 17:00:00-05:00',
  '09:00:00',
  '17:00:00',
  'America/New_York',
  'morning',
  'live-virtual',
  '2 Days',
  'Joe Puoci',
  '/Joe.jpeg',
  515.00,
  1030.00,
  'USD',
  15,
  20,
  'English',
  true,
  'active',
  false
),
-- May 02-02, 2026 (Saturday-Sunday)
(
  'Leading SAFe',
  'leading-safe',
  'SAFe Agilist',
  '2026-05-02 09:00:00-05:00',
  '2026-05-03 17:00:00-05:00',
  '09:00:00',
  '17:00:00',
  'America/New_York',
  'morning',
  'live-virtual',
  '2 Days',
  'Deadra Stevenson',
  '/Deadra.jpeg',
  515.00,
  1030.00,
  'USD',
  15,
  20,
  'English',
  true,
  'active',
  true
);

