-- Insert actual course schedule data from Excel
-- Leading SAFe courses from Nov 2025 to March 2026

INSERT INTO course_schedules (
  course_name,
  course_slug,
  course_type,
  start_date,
  end_date,
  start_time,
  end_time,
  timezone,
  time_slot,
  format,
  duration,
  instructor_name,
  instructor_image,
  price,
  original_price,
  currency,
  seats_available,
  total_seats,
  language,
  exam_included,
  status,
  is_weekend
) VALUES 
-- Nov 29 - Nov 30, 2025
(
  'Leading SAFe',
  'leading-safe',
  'Leading SAFe',
  '2025-11-29 09:00:00-05:00',
  '2025-11-30 17:00:00-05:00',
  '09:00:00',
  '17:00:00',
  'America/New_York',
  'morning',
  'live-virtual',
  '2 Days',
  'Joe Puoci',
  '/Joe.jpeg',
  555.55,
  899.00,
  'USD',
  15,
  25,
  'English',
  true,
  'active',
  true
),
-- Dec 13 - Dec 14, 2025
(
  'Leading SAFe',
  'leading-safe',
  'Leading SAFe',
  '2025-12-13 09:00:00-05:00',
  '2025-12-14 17:00:00-05:00',
  '09:00:00',
  '17:00:00',
  'America/New_York',
  'morning',
  'live-virtual',
  '2 Days',
  'Joe Puoci',
  '/Joe.jpeg',
  555.55,
  899.00,
  'USD',
  18,
  25,
  'English',
  true,
  'active',
  true
),
-- Dec 20 - Dec 21, 2025
(
  'Leading SAFe',
  'leading-safe',
  'Leading SAFe',
  '2025-12-20 09:00:00-05:00',
  '2025-12-21 17:00:00-05:00',
  '09:00:00',
  '17:00:00',
  'America/New_York',
  'morning',
  'live-virtual',
  '2 Days',
  'Joe Puoci',
  '/Joe.jpeg',
  555.55,
  899.00,
  'USD',
  20,
  25,
  'English',
  true,
  'active',
  true
),
-- Jan 3 - Jan 4, 2026 (Weekday)
(
  'Leading SAFe',
  'leading-safe',
  'Leading SAFe',
  '2026-01-03 09:00:00-05:00',
  '2026-01-04 17:00:00-05:00',
  '09:00:00',
  '17:00:00',
  'America/New_York',
  'morning',
  'live-virtual',
  '2 Days',
  'Joe Puoci',
  '/Joe.jpeg',
  555.55,
  899.00,
  'USD',
  22,
  25,
  'English',
  true,
  'active',
  false
),
-- Jan 10 - Jan 11, 2026
(
  'Leading SAFe',
  'leading-safe',
  'Leading SAFe',
  '2026-01-10 09:00:00-05:00',
  '2026-01-11 17:00:00-05:00',
  '09:00:00',
  '17:00:00',
  'America/New_York',
  'morning',
  'live-virtual',
  '2 Days',
  'Deadra Stevenson',
  '/Deadra.jpeg',
  555.55,
  899.00,
  'USD',
  12,
  25,
  'English',
  true,
  'active',
  true
),
-- Jan 17 - Jan 18, 2026 (Weekday)
(
  'Leading SAFe',
  'leading-safe',
  'Leading SAFe',
  '2026-01-17 09:00:00-05:00',
  '2026-01-18 17:00:00-05:00',
  '09:00:00',
  '17:00:00',
  'America/New_York',
  'morning',
  'live-virtual',
  '2 Days',
  'Joe Puoci',
  '/Joe.jpeg',
  555.55,
  899.00,
  'USD',
  16,
  25,
  'English',
  true,
  'active',
  false
),
-- Jan 24 - Jan 25, 2026 (Weekday)
(
  'Leading SAFe',
  'leading-safe',
  'Leading SAFe',
  '2026-01-24 09:00:00-05:00',
  '2026-01-25 17:00:00-05:00',
  '09:00:00',
  '17:00:00',
  'America/New_York',
  'morning',
  'live-virtual',
  '2 Days',
  'Joe Puoci',
  '/Joe.jpeg',
  555.55,
  899.00,
  'USD',
  19,
  25,
  'English',
  true,
  'active',
  false
),
-- Jan 31 - Feb 1, 2026
(
  'Leading SAFe',
  'leading-safe',
  'Leading SAFe',
  '2026-01-31 09:00:00-05:00',
  '2026-02-01 17:00:00-05:00',
  '09:00:00',
  '17:00:00',
  'America/New_York',
  'morning',
  'live-virtual',
  '2 Days',
  'Joe Puoci',
  '/Joe.jpeg',
  555.55,
  899.00,
  'USD',
  14,
  25,
  'English',
  true,
  'active',
  true
),
-- Feb 7 - Feb 8, 2026
(
  'Leading SAFe',
  'leading-safe',
  'Leading SAFe',
  '2026-02-07 09:00:00-05:00',
  '2026-02-08 17:00:00-05:00',
  '09:00:00',
  '17:00:00',
  'America/New_York',
  'morning',
  'live-virtual',
  '2 Days',
  'Deadra Stevenson',
  '/Deadra.jpeg',
  555.55,
  899.00,
  'USD',
  17,
  25,
  'English',
  true,
  'active',
  true
),
-- Feb 14 - Feb 15, 2026 (Weekday)
(
  'Leading SAFe',
  'leading-safe',
  'Leading SAFe',
  '2026-02-14 09:00:00-05:00',
  '2026-02-15 17:00:00-05:00',
  '09:00:00',
  '17:00:00',
  'America/New_York',
  'morning',
  'live-virtual',
  '2 Days',
  'Joe Puoci',
  '/Joe.jpeg',
  555.55,
  899.00,
  'USD',
  21,
  25,
  'English',
  true,
  'active',
  false
),
-- Feb 21 - Feb 22, 2026 (Weekday)
(
  'Leading SAFe',
  'leading-safe',
  'Leading SAFe',
  '2026-02-21 09:00:00-05:00',
  '2026-02-22 17:00:00-05:00',
  '09:00:00',
  '17:00:00',
  'America/New_York',
  'morning',
  'live-virtual',
  '2 Days',
  'Joe Puoci',
  '/Joe.jpeg',
  555.55,
  899.00,
  'USD',
  13,
  25,
  'English',
  true,
  'active',
  false
),
-- Feb 28 - Mar 1, 2026
(
  'Leading SAFe',
  'leading-safe',
  'Leading SAFe',
  '2026-02-28 09:00:00-05:00',
  '2026-03-01 17:00:00-05:00',
  '09:00:00',
  '17:00:00',
  'America/New_York',
  'morning',
  'live-virtual',
  '2 Days',
  'Joe Puoci',
  '/Joe.jpeg',
  555.55,
  899.00,
  'USD',
  15,
  25,
  'English',
  true,
  'active',
  true
),
-- Mar 7 - Mar 8, 2026
(
  'Leading SAFe',
  'leading-safe',
  'Leading SAFe',
  '2026-03-07 09:00:00-05:00',
  '2026-03-08 17:00:00-05:00',
  '09:00:00',
  '17:00:00',
  'America/New_York',
  'morning',
  'live-virtual',
  '2 Days',
  'Joe Puoci',
  '/Joe.jpeg',
  555.55,
  899.00,
  'USD',
  18,
  25,
  'English',
  true,
  'active',
  false
),
-- Mar 14 - Mar 15, 2026 (Weekend)
(
  'Leading SAFe',
  'leading-safe',
  'Leading SAFe',
  '2026-03-14 09:00:00-04:00',
  '2026-03-15 17:00:00-04:00',
  '09:00:00',
  '17:00:00',
  'America/New_York',
  'morning',
  'live-virtual',
  '2 Days',
  'Joe Puoci',
  '/Joe.jpeg',
  555.55,
  899.00,
  'USD',
  20,
  25,
  'English',
  true,
  'active',
  true
),
-- Mar 21 - Mar 22, 2026
(
  'Leading SAFe',
  'leading-safe',
  'Leading SAFe',
  '2026-03-21 09:00:00-04:00',
  '2026-03-22 17:00:00-04:00',
  '09:00:00',
  '17:00:00',
  'America/New_York',
  'morning',
  'live-virtual',
  '2 Days',
  'Deadra Stevenson',
  '/Deadra.jpeg',
  555.55,
  899.00,
  'USD',
  11,
  25,
  'English',
  true,
  'active',
  true
);

-- Mark first few as "BEST DEAL"
UPDATE course_schedules SET is_best_deal = true WHERE id IN (
  SELECT id FROM course_schedules ORDER BY start_date LIMIT 3
);

